COMMANDID,MESSAGENAME,TEXT,LEVEL,MACHINENAME,TRANSACTIONID,CARRIER,UNITNAME,PROCESS,OPERATION_NAME,TIME_EX,THREAD,COMMAND
,STORAGE-ZIPTOWERCARRIERWAITOUT,[ 2025-12-29 17:45:49.604 ] [ WELL ] [ Tibrv Dispatcher ] [ kr.co.aim.nanotrans.communication.msb.tibrv.marker.EsListener.onMsg ] [ < MESSAGE > < HEADER > < MESSAGENAME > STORAGE-ZIPTOWERCARRIERWAITOUT < /MESSAGENAME > < TRANSACTIONID > MCS2025122917454960404-W9Ax < /TRANSACTIONID > < CONVERSATIONID > 6018e97a-1d00-4cfe-82a0-7d4dd6d671dd < /CONVERSATIONID > < TIME > 2025-12-29 17:45:49.601 < /TIME > < /HEADER > < ORIGINATED > < ORIGINATEDTYPE > M < /ORIGINATEDTYPE > < ORIGINATEDNAME / > < MACHINENAME > 6ABL6022 < /MACHINENAME > < CONNECTIONID > 6ABL6022 < /CONNECTIONID > < USERNAME / > < /ORIGINATED > < DATA > < LIST > < DATAID > 0 < /DATAID > < CEID > 159 < /CEID > < RPTIDCOUNT > < LIST > < RPTID > 6 < /RPTID > < VCOUNT > < CARRIERINFO > < CARRIERID > 4PDML395 < /CARRIERID > < CARRIERLOC > 6ABL6022_OP623 < /CARRIERLOC > < /CARRIERINFO > < PORTTYPE > OP < /PORTTYPE > < /VCOUNT > < /LIST > < /RPTIDCOUNT > < /LIST > < /DATA > < TAIL > < SECSII > < ![CDATA[RECV S6F11:EventRPTID6 W [D=1] [len=64] [SB=62839231] < L.3 < U4.1 [DATAID] '0' > < U2.1 [CEID] '159' > < L.1 [RPTIDCOUNT] < L.2 < U2.1 [RPTID] '6' > < L.2 [VCOUNT] < L.2 [CARRIERINFO] < A.8 [CARRIERID] '4PDML395' > < A.14 [CARRIERLOC] '6ABL6022_OP623' > > < A.2 [PORTTYPE] 'OP' > > > > > .]] > < /SECSII > < /TAIL > < /MESSAGE > . transactionId=MCS2025122917454960404-W9Ax. [GTXN:MCS2025122917454960404-W9Ax] ],WELL,6ABL6022,'MCS2025122917454960404-W9Ax,4PDML395,,ts05_m16a,EsListener.onMsg,[2025-12-29 17:45:49.604],Tibrv Dispatcher,
,STORAGE-ZIPTOWERCARRIERLOCATIONCHANGED,[ 2025-12-29 17:45:49.604 ] [ WELL ] [ Tibrv Dispatcher ] [ kr.co.aim.nanotrans.communication.msb.tibrv.marker.EsListener.onMsg ] [ < MESSAGE > < HEADER > < MESSAGENAME > STORAGE-ZIPTOWERCARRIERLOCATIONCHANGED < /MESSAGENAME > < TRANSACTIONID > MCS2025122917454960304-UCRF < /TRANSACTIONID > < CONVERSATIONID > 971c0b38-1ee3-4721-b7ea-437c443f51c2 < /CONVERSATIONID > < TIME > 2025-12-29 17:45:49.600 < /TIME > < /HEADER > < ORIGINATED > < ORIGINATEDTYPE > M < /ORIGINATEDTYPE > < ORIGINATEDNAME / > < MACHINENAME > 6ABL6022 < /MACHINENAME > < CONNECTIONID > 6ABL6022 < /CONNECTIONID > < USERNAME / > < /ORIGINATED > < DATA > < LIST > < DATAID > 0 < /DATAID > < CEID > 255 < /CEID > < RPTIDCOUNT > < LIST > < RPTID > 4 < /RPTID > < VCOUNT > < CARRIERINFO > < CARRIERID > 4PDML395 < /CARRIERID > < CARRIERLOC > 6ABL6022_OP623 < /CARRIERLOC > < /CARRIERINFO > < /VCOUNT > < /LIST > < /RPTIDCOUNT > < /LIST > < /DATA > < TAIL > < SECSII > < ![CDATA[RECV S6F11:EventRPTID4 W [D=1] [len=60] [SB=62839230] < L.3 < U4.1 [DATAID] '0' > < U2.1 [CEID] '255' > < L.1 [RPTIDCOUNT] < L.2 < U2.1 [RPTID] '4' > < L.1 [VCOUNT] < L.2 [CARRIERINFO] < A.8 [CARRIERID] '4PDML395' > < A.14 [CARRIERLOC] '6ABL6022_OP623' > > > > > > .]] > < /SECSII > < /TAIL > < /MESSAGE > . transactionId=MCS2025122917454960304-UCRF. [GTXN:MCS2025122917454960304-UCRF] ],WELL,6ABL6022,'MCS2025122917454960304-UCRF,4PDML395,,ts04_m16a,EsListener.onMsg,[2025-12-29 17:45:49.604],Tibrv Dispatcher,
,UI-CARRIER,[ 2025-12-29 17:45:49.640 ] [ WELL ] [ THREAD-ID=342 ] [ kr.co.aim.nanotrans.server.extension.framework.communication.msb.tibrv.marker.UiSenderEx.send ] [ < ?xml version="1.0" encoding="UTF-8"? > < MESSAGE > < HEADER > < MESSAGENAME > UI-CARRIER < /MESSAGENAME > < TRANSACTIONID / > < CONVERSATIONID / > < TIME / > < /HEADER > < ORIGINATED > < ORIGINATEDTYPE > N < /ORIGINATEDTYPE > < ORIGINATEDNAME / > < MACHINENAME > 6ABL6022 < /MACHINENAME > < CONNECTIONID / > < USERNAME / > < /ORIGINATED > < DATA > < CARRIERNAME > 4PDML395 < /CARRIERNAME > < MACHINENAME > 6ABL6022 < /MACHINENAME > < UNITNAME > 6ABL6022_OP623 < /UNITNAME > < CARRIERKIND > CARRIER < /CARRIERKIND > < STATE > TRANSFERRING < /STATE > < TYPE > FOUP < /TYPE > < RESERVED > T < /RESERVED > < HOLDED > F < /HOLDED > < PRODUCTEMPTY / > < LOTID / > < CONTAINERNAME / > < SLOTNUMBER / > < MAXCAPA > -1 < /MAXCAPA > < CARRIERSHOPNAME > M16 < /CARRIERSHOPNAME > < /DATA > < TAIL / > < /MESSAGE > was sent to DocumentM16.REAL.NANOTRANS.MCSUIF.SENDER.ALL. transactionId=MCS2025122917454960404-W9Ax. [GTXN:MCS2025122917454960404-W9Ax] ],WELL,6ABL6022,'MCS2025122917454960404-W9Ax,4PDML395,6ABL6022_OP623,ts05_m16a,UiSenderEx.send,[2025-12-29 17:45:49.640],THREAD-ID=342,
,RAIL-STAGECOMMAND,[ 2025-12-29 17:45:49.674 ] [ WELL ] [ THREAD-ID=342 ] [ kr.co.aim.nanotrans.communication.msb.tibrv.marker.EsSender.send ] [ < ?xml version="1.0" encoding="UTF-8"? > < MESSAGE > < HEADER > < MESSAGENAME > RAIL-STAGECOMMAND < /MESSAGENAME > < TRANSACTIONID / > < CONVERSATIONID / > < TIME > 2025-12-29 17:45:49.671 < /TIME > < /HEADER > < ORIGINATED > < ORIGINATEDTYPE > N < /ORIGINATEDTYPE > < ORIGINATEDNAME / > < MACHINENAME > 6ACM3901 < /MACHINENAME > < CONNECTIONID / > < USERNAME > NANOTRANS < /USERNAME > < /ORIGINATED > < DATA > < STAGEID > 6173ea58-3e00-461c-a4af-2ccca6c2f76b < /STAGEID > < PRIORITY > 50 < /PRIORITY > < EXPECTEDDURATION > 30 < /EXPECTEDDURATION > < NOBLOCKINGTIME > 15 < /NOBLOCKINGTIME > < WAITTIMEOUT > 5 < /WAITTIMEOUT > < CARRIERID > 4PDML395 < /CARRIERID > < DESTPORT > 6ABL6022_AI623 < /DESTPORT > < RESULTCODE / > < /DATA > < TAIL / > < /MESSAGE > was sent to M16.REAL.NANOTRANS.MCSEIF.EI01_M16A_OHT_P. transactionId=MCS2025122917454960404-W9Ax. [GTXN:MCS2025122917454960404-W9Ax] ],WELL,6ACM3901,'MCS2025122917454960404-W9Ax,4PDML395,,ts05_m16a,EsSender.send,[2025-12-29 17:45:49.674],THREAD-ID=342,
,RAIL-STAGECOMMAND,[ 2025-12-29 17:45:49.677 ] [ WELL ] [ THREAD-ID=342 ] [ kr.co.aim.nanotrans.communication.msb.tibrv.marker.EsSender.send ] [ < ?xml version="1.0" encoding="UTF-8"? > < MESSAGE > < HEADER > < MESSAGENAME > RAIL-STAGECOMMAND < /MESSAGENAME > < TRANSACTIONID / > < CONVERSATIONID / > < TIME > 2025-12-29 17:45:49.671 < /TIME > < /HEADER > < ORIGINATED > < ORIGINATEDTYPE > N < /ORIGINATEDTYPE > < ORIGINATEDNAME / > < MACHINENAME > 6ACM3901 < /MACHINENAME > < CONNECTIONID / > < USERNAME > NANOTRANS < /USERNAME > < /ORIGINATED > < DATA > < STAGEID > 6173ea58-3e00-461c-a4af-2ccca6c2f76b < /STAGEID > < PRIORITY > 50 < /PRIORITY > < EXPECTEDDURATION > 30 < /EXPECTEDDURATION > < NOBLOCKINGTIME > 15 < /NOBLOCKINGTIME > < WAITTIMEOUT > 5 < /WAITTIMEOUT > < CARRIERID > 4PDML395 < /CARRIERID > < DESTPORT > 6ABL6022_AI623 < /DESTPORT > < RESULTCODE / > < /DATA > < TAIL / > < /MESSAGE > was sent to M16.REAL.NANOTRANS.MCSEIF.EI01_M16A_OHT_S. transactionId=MCS2025122917454960404-W9Ax. [GTXN:MCS2025122917454960404-W9Ax] ],WELL,6ACM3901,'MCS2025122917454960404-W9Ax,4PDML395,,ts05_m16a,EsSender.send,[2025-12-29 17:45:49.677],THREAD-ID=342,
,RAIL-STAGEREPLY,[ 2025-12-29 17:45:49.734 ] [ WELL ] [ Tibrv Dispatcher ] [ kr.co.aim.nanotrans.communication.msb.tibrv.marker.EsListener.onMsg ] [ < MESSAGE > < HEADER > < MESSAGENAME > RAIL-STAGEREPLY < /MESSAGENAME > < TRANSACTIONID > MCS2025122917454973404-ozwt < /TRANSACTIONID > < CONVERSATIONID > 2e55082e-ec81-47d5-9028-f60d09d0f7bc < /CONVERSATIONID > < TIME > 2025-12-29 17:45:49.671 < /TIME > < /HEADER > < ORIGINATED > < ORIGINATEDTYPE > N < /ORIGINATEDTYPE > < ORIGINATEDNAME / > < MACHINENAME > 6ACM3901 < /MACHINENAME > < CONNECTIONID / > < USERNAME > NANOTRANS < /USERNAME > < /ORIGINATED > < DATA > < STAGEID > 6173ea58-3e00-461c-a4af-2ccca6c2f76b < /STAGEID > < PRIORITY > 50 < /PRIORITY > < EXPECTEDDURATION > 30 < /EXPECTEDDURATION > < NOBLOCKINGTIME > 15 < /NOBLOCKINGTIME > < WAITTIMEOUT > 5 < /WAITTIMEOUT > < CARRIERID > 4PDML395 < /CARRIERID > < DESTPORT > 6ABL6022_AI623 < /DESTPORT > < RESULTCODE > 0 < /RESULTCODE > < /DATA > < TAIL > < SECSII > < ![CDATA[RECV S2F50:EnhancedHostCommandAcknowledgeNew1 [D=6] [len=17] [SB=108832121] < L.2 < B.1 [HCACK] '0' > < L.0 [CPCOUNT] > > .]] > < /SECSII > < /TAIL > < /MESSAGE > . transactionId=MCS2025122917454973404-ozwt. [GTXN:MCS2025122917454973404-ozwt] ],WELL,6ACM3901,'MCS2025122917454973404-ozwt,4PDML395,,ts15_m16a,EsListener.onMsg,[2025-12-29 17:45:49.734],Tibrv Dispatcher,
,STORAGE-ZIPTOWERCARRIERLOCATIONCHANGED,[ 2025-12-29 17:45:54.470 ] [ WELL ] [ Tibrv Dispatcher ] [ kr.co.aim.nanotrans.communication.msb.tibrv.marker.EsListener.onMsg ] [ < MESSAGE > < HEADER > < MESSAGENAME > STORAGE-ZIPTOWERCARRIERLOCATIONCHANGED < /MESSAGENAME > < TRANSACTIONID > MCS2025122917455447004-icJA < /TRANSACTIONID > < CONVERSATIONID > a4dfebee-2ed7-4ea2-a69a-3851b8b03971 < /CONVERSATIONID > < TIME > 2025-12-29 17:45:54.467 < /TIME > < /HEADER > < ORIGINATED > < ORIGINATEDTYPE > M < /ORIGINATEDTYPE > < ORIGINATEDNAME / > < MACHINENAME > 6ABL6022 < /MACHINENAME > < CONNECTIONID > 6ABL6022 < /CONNECTIONID > < USERNAME / > < /ORIGINATED > < DATA > < LIST > < DATAID > 0 < /DATAID > < CEID > 255 < /CEID > < RPTIDCOUNT > < LIST > < RPTID > 4 < /RPTID > < VCOUNT > < CARRIERINFO > < CARRIERID > 4PDML395 < /CARRIERID > < CARRIERLOC > 6ABL6022_AI623_B1 < /CARRIERLOC > < /CARRIERINFO > < /VCOUNT > < /LIST > < /RPTIDCOUNT > < /LIST > < /DATA > < TAIL > < SECSII > < ![CDATA[RECV S6F11:EventRPTID4 W [D=1] [len=63] [SB=62839250] < L.3 < U4.1 [DATAID] '0' > < U2.1 [CEID] '255' > < L.1 [RPTIDCOUNT] < L.2 < U2.1 [RPTID] '4' > < L.1 [VCOUNT] < L.2 [CARRIERINFO] < A.8 [CARRIERID] '4PDML395' > < A.17 [CARRIERLOC] '6ABL6022_AI623_B1' > > > > > > .]] > < /SECSII > < /TAIL > < /MESSAGE > . transactionId=MCS2025122917455447004-icJA. [GTXN:MCS2025122917455447004-icJA] ],WELL,6ABL6022,'MCS2025122917455447004-icJA,4PDML395,,ts05_m16a,EsListener.onMsg,[2025-12-29 17:45:54.470],Tibrv Dispatcher,
,UI-CARRIER,[ 2025-12-29 17:45:54.503 ] [ WELL ] [ THREAD-ID=401 ] [ kr.co.aim.nanotrans.server.extension.framework.communication.msb.tibrv.marker.UiSenderEx.send ] [ < ?xml version="1.0" encoding="UTF-8"? > < MESSAGE > < HEADER > < MESSAGENAME > UI-CARRIER < /MESSAGENAME > < TRANSACTIONID / > < CONVERSATIONID / > < TIME / > < /HEADER > < ORIGINATED > < ORIGINATEDTYPE > N < /ORIGINATEDTYPE > < ORIGINATEDNAME / > < MACHINENAME > 6ABL6022 < /MACHINENAME > < CONNECTIONID / > < USERNAME / > < /ORIGINATED > < DATA > < CARRIERNAME > 4PDML395 < /CARRIERNAME > < MACHINENAME > 6ABL6022 < /MACHINENAME > < UNITNAME > 6ABL6022_AI623_B1 < /UNITNAME > < CARRIERKIND > CARRIER < /CARRIERKIND > < STATE > TRANSFERRING < /STATE > < TYPE > FOUP < /TYPE > < RESERVED > T < /RESERVED > < HOLDED > F < /HOLDED > < PRODUCTEMPTY / > < LOTID / > < CONTAINERNAME / > < SLOTNUMBER / > < MAXCAPA > -1 < /MAXCAPA > < CARRIERSHOPNAME > M16 < /CARRIERSHOPNAME > < /DATA > < TAIL / > < /MESSAGE > was sent to DocumentM16.REAL.NANOTRANS.MCSUIF.SENDER.ALL. transactionId=MCS2025122917455447004-icJA. [GTXN:MCS2025122917455447004-icJA] ],WELL,6ABL6022,'MCS2025122917455447004-icJA,4PDML395,6ABL6022_AI623_B1,ts05_m16a,UiSenderEx.send,[2025-12-29 17:45:54.503],THREAD-ID=401,
,STORAGE-ZIPTOWERCARRIERLOCATIONCHANGED,[ 2025-12-29 17:45:55.933 ] [ WELL ] [ Tibrv Dispatcher ] [ kr.co.aim.nanotrans.communication.msb.tibrv.marker.EsListener.onMsg ] [ < MESSAGE > < HEADER > < MESSAGENAME > STORAGE-ZIPTOWERCARRIERLOCATIONCHANGED < /MESSAGENAME > < TRANSACTIONID > MCS2025122917455593304-rxTZ < /TRANSACTIONID > < CONVERSATIONID > e5c103ba-188a-4655-8bbd-213ca8f440db < /CONVERSATIONID > < TIME > 2025-12-29 17:45:55.930 < /TIME > < /HEADER > < ORIGINATED > < ORIGINATEDTYPE > M < /ORIGINATEDTYPE > < ORIGINATEDNAME / > < MACHINENAME > 6ABL6022 < /MACHINENAME > < CONNECTIONID > 6ABL6022 < /CONNECTIONID > < USERNAME / > < /ORIGINATED > < DATA > < LIST > < DATAID > 0 < /DATAID > < CEID > 255 < /CEID > < RPTIDCOUNT > < LIST > < RPTID > 4 < /RPTID > < VCOUNT > < CARRIERINFO > < CARRIERID > 4PDML395 < /CARRIERID > < CARRIERLOC > 6ABL6022_AI623_B2 < /CARRIERLOC > < /CARRIERINFO > < /VCOUNT > < /LIST > < /RPTIDCOUNT > < /LIST > < /DATA > < TAIL > < SECSII > < ![CDATA[RECV S6F11:EventRPTID4 W [D=1] [len=63] [SB=62839257] < L.3 < U4.1 [DATAID] '0' > < U2.1 [CEID] '255' > < L.1 [RPTIDCOUNT] < L.2 < U2.1 [RPTID] '4' > < L.1 [VCOUNT] < L.2 [CARRIERINFO] < A.8 [CARRIERID] '4PDML395' > < A.17 [CARRIERLOC] '6ABL6022_AI623_B2' > > > > > > .]] > < /SECSII > < /TAIL > < /MESSAGE > . transactionId=MCS2025122917455593304-rxTZ. [GTXN:MCS2025122917455593304-rxTZ] ],WELL,6ABL6022,'MCS2025122917455593304-rxTZ,4PDML395,,ts14_m16a,EsListener.onMsg,[2025-12-29 17:45:55.933],Tibrv Dispatcher,
,UI-CARRIER,[ 2025-12-29 17:45:55.967 ] [ WELL ] [ THREAD-ID=256 ] [ kr.co.aim.nanotrans.server.extension.framework.communication.msb.tibrv.marker.UiSenderEx.send ] [ < ?xml version="1.0" encoding="UTF-8"? > < MESSAGE > < HEADER > < MESSAGENAME > UI-CARRIER < /MESSAGENAME > < TRANSACTIONID / > < CONVERSATIONID / > < TIME / > < /HEADER > < ORIGINATED > < ORIGINATEDTYPE > N < /ORIGINATEDTYPE > < ORIGINATEDNAME / > < MACHINENAME > 6ABL6022 < /MACHINENAME > < CONNECTIONID / > < USERNAME / > < /ORIGINATED > < DATA > < CARRIERNAME > 4PDML395 < /CARRIERNAME > < MACHINENAME > 6ABL6022 < /MACHINENAME > < UNITNAME > 6ABL6022_AI623_B2 < /UNITNAME > < CARRIERKIND > CARRIER < /CARRIERKIND > < STATE > TRANSFERRING < /STATE > < TYPE > FOUP < /TYPE > < RESERVED > T < /RESERVED > < HOLDED > F < /HOLDED > < PRODUCTEMPTY / > < LOTID / > < CONTAINERNAME / > < SLOTNUMBER / > < MAXCAPA > -1 < /MAXCAPA > < CARRIERSHOPNAME > M16 < /CARRIERSHOPNAME > < /DATA > < TAIL / > < /MESSAGE > was sent to DocumentM16.REAL.NANOTRANS.MCSUIF.SENDER.ALL. transactionId=MCS2025122917455593304-rxTZ. [GTXN:MCS2025122917455593304-rxTZ] ],WELL,6ABL6022,'MCS2025122917455593304-rxTZ,4PDML395,6ABL6022_AI623_B2,ts14_m16a,UiSenderEx.send,[2025-12-29 17:45:55.967],THREAD-ID=256,
,STORAGE-ZIPTOWERCARRIERLOCATIONCHANGED,[ 2025-12-29 17:45:57.319 ] [ WELL ] [ Tibrv Dispatcher ] [ kr.co.aim.nanotrans.communication.msb.tibrv.marker.EsListener.onMsg ] [ < MESSAGE > < HEADER > < MESSAGENAME > STORAGE-ZIPTOWERCARRIERLOCATIONCHANGED < /MESSAGENAME > < TRANSACTIONID > MCS2025122917455731904-R62B < /TRANSACTIONID > < CONVERSATIONID > 37624391-8cae-41d1-9184-ce0263a2a428 < /CONVERSATIONID > < TIME > 2025-12-29 17:45:57.316 < /TIME > < /HEADER > < ORIGINATED > < ORIGINATEDTYPE > M < /ORIGINATEDTYPE > < ORIGINATEDNAME / > < MACHINENAME > 6ABL6022 < /MACHINENAME > < CONNECTIONID > 6ABL6022 < /CONNECTIONID > < USERNAME / > < /ORIGINATED > < DATA > < LIST > < DATAID > 0 < /DATAID > < CEID > 255 < /CEID > < RPTIDCOUNT > < LIST > < RPTID > 4 < /RPTID > < VCOUNT > < CARRIERINFO > < CARRIERID > 4PDML395 < /CARRIERID > < CARRIERLOC > 6ABL6022_AI623_B3 < /CARRIERLOC > < /CARRIERINFO > < /VCOUNT > < /LIST > < /RPTIDCOUNT > < /LIST > < /DATA > < TAIL > < SECSII > < ![CDATA[RECV S6F11:EventRPTID4 W [D=1] [len=63] [SB=62839260] < L.3 < U4.1 [DATAID] '0' > < U2.1 [CEID] '255' > < L.1 [RPTIDCOUNT] < L.2 < U2.1 [RPTID] '4' > < L.1 [VCOUNT] < L.2 [CARRIERINFO] < A.8 [CARRIERID] '4PDML395' > < A.17 [CARRIERLOC] '6ABL6022_AI623_B3' > > > > > > .]] > < /SECSII > < /TAIL > < /MESSAGE > . transactionId=MCS2025122917455731904-R62B. [GTXN:MCS2025122917455731904-R62B] ],WELL,6ABL6022,'MCS2025122917455731904-R62B,4PDML395,,ts03_m16a,EsListener.onMsg,[2025-12-29 17:45:57.319],Tibrv Dispatcher,
,UI-CARRIER,[ 2025-12-29 17:45:57.351 ] [ WELL ] [ THREAD-ID=437 ] [ kr.co.aim.nanotrans.server.extension.framework.communication.msb.tibrv.marker.UiSenderEx.send ] [ < ?xml version="1.0" encoding="UTF-8"? > < MESSAGE > < HEADER > < MESSAGENAME > UI-CARRIER < /MESSAGENAME > < TRANSACTIONID / > < CONVERSATIONID / > < TIME / > < /HEADER > < ORIGINATED > < ORIGINATEDTYPE > N < /ORIGINATEDTYPE > < ORIGINATEDNAME / > < MACHINENAME > 6ABL6022 < /MACHINENAME > < CONNECTIONID / > < USERNAME / > < /ORIGINATED > < DATA > < CARRIERNAME > 4PDML395 < /CARRIERNAME > < MACHINENAME > 6ABL6022 < /MACHINENAME > < UNITNAME > 6ABL6022_AI623_B3 < /UNITNAME > < CARRIERKIND > CARRIER < /CARRIERKIND > < STATE > TRANSFERRING < /STATE > < TYPE > FOUP < /TYPE > < RESERVED > T < /RESERVED > < HOLDED > F < /HOLDED > < PRODUCTEMPTY / > < LOTID / > < CONTAINERNAME / > < SLOTNUMBER / > < MAXCAPA > -1 < /MAXCAPA > < CARRIERSHOPNAME > M16 < /CARRIERSHOPNAME > < /DATA > < TAIL / > < /MESSAGE > was sent to DocumentM16.REAL.NANOTRANS.MCSUIF.SENDER.ALL. transactionId=MCS2025122917455731904-R62B. [GTXN:MCS2025122917455731904-R62B] ],WELL,6ABL6022,'MCS2025122917455731904-R62B,4PDML395,6ABL6022_AI623_B3,ts03_m16a,UiSenderEx.send,[2025-12-29 17:45:57.351],THREAD-ID=437,
,STORAGE-ZIPTOWERCARRIERLOCATIONCHANGED,[ 2025-12-29 17:46:00.805 ] [ WELL ] [ Tibrv Dispatcher ] [ kr.co.aim.nanotrans.communication.msb.tibrv.marker.EsListener.onMsg ] [ < MESSAGE > < HEADER > < MESSAGENAME > STORAGE-ZIPTOWERCARRIERLOCATIONCHANGED < /MESSAGENAME > < TRANSACTIONID > MCS2025122917460080504-eFfc < /TRANSACTIONID > < CONVERSATIONID > 8e40b779-0e1f-400d-a60c-864aee775833 < /CONVERSATIONID > < TIME > 2025-12-29 17:46:00.801 < /TIME > < /HEADER > < ORIGINATED > < ORIGINATEDTYPE > M < /ORIGINATEDTYPE > < ORIGINATEDNAME / > < MACHINENAME > 6ABL6022 < /MACHINENAME > < CONNECTIONID > 6ABL6022 < /CONNECTIONID > < USERNAME / > < /ORIGINATED > < DATA > < LIST > < DATAID > 0 < /DATAID > < CEID > 255 < /CEID > < RPTIDCOUNT > < LIST > < RPTID > 4 < /RPTID > < VCOUNT > < CARRIERINFO > < CARRIERID > 4PDML395 < /CARRIERID > < CARRIERLOC > 6ABL6022_AI623 < /CARRIERLOC > < /CARRIERINFO > < /VCOUNT > < /LIST > < /RPTIDCOUNT > < /LIST > < /DATA > < TAIL > < SECSII > < ![CDATA[RECV S6F11:EventRPTID4 W [D=1] [len=60] [SB=62839271] < L.3 < U4.1 [DATAID] '0' > < U2.1 [CEID] '255' > < L.1 [RPTIDCOUNT] < L.2 < U2.1 [RPTID] '4' > < L.1 [VCOUNT] < L.2 [CARRIERINFO] < A.8 [CARRIERID] '4PDML395' > < A.14 [CARRIERLOC] '6ABL6022_AI623' > > > > > > .]] > < /SECSII > < /TAIL > < /MESSAGE > . transactionId=MCS2025122917460080504-eFfc. [GTXN:MCS2025122917460080504-eFfc] ],WELL,6ABL6022,'MCS2025122917460080504-eFfc,4PDML395,,ts02_m16a,EsListener.onMsg,[2025-12-29 17:46:00.805],Tibrv Dispatcher,
,STORAGE-ZIPTOWERCARRIERIDREAD,[ 2025-12-29 17:46:00.807 ] [ WELL ] [ Tibrv Dispatcher ] [ kr.co.aim.nanotrans.communication.msb.tibrv.marker.EsListener.onMsg ] [ < MESSAGE > < HEADER > < MESSAGENAME > STORAGE-ZIPTOWERCARRIERIDREAD < /MESSAGENAME > < TRANSACTIONID > MCS2025122917460080704-AFw2 < /TRANSACTIONID > < CONVERSATIONID > f1f8cc76-eeef-47bc-a455-ba868632a583 < /CONVERSATIONID > < TIME > 2025-12-29 17:46:00.802 < /TIME > < /HEADER > < ORIGINATED > < ORIGINATEDTYPE > M < /ORIGINATEDTYPE > < ORIGINATEDNAME / > < MACHINENAME > 6ABL6022 < /MACHINENAME > < CONNECTIONID > 6ABL6022 < /CONNECTIONID > < USERNAME / > < /ORIGINATED > < DATA > < LIST > < DATAID > 0 < /DATAID > < CEID > 251 < /CEID > < RPTIDCOUNT > < LIST > < RPTID > 5 < /RPTID > < VCOUNT > < CARRIERINFO > < CARRIERID > 4PDML395 < /CARRIERID > < CARRIERLOC > 6ABL6022_AI623 < /CARRIERLOC > < /CARRIERINFO > < IDREADSTATUS > 0 < /IDREADSTATUS > < /VCOUNT > < /LIST > < /RPTIDCOUNT > < /LIST > < /DATA > < TAIL > < SECSII > < ![CDATA[RECV S6F11:EventRPTID5 W [D=1] [len=64] [SB=62839272] < L.3 < U4.1 [DATAID] '0' > < U2.1 [CEID] '251' > < L.1 [RPTIDCOUNT] < L.2 < U2.1 [RPTID] '5' > < L.2 [VCOUNT] < L.2 [CARRIERINFO] < A.8 [CARRIERID] '4PDML395' > < A.14 [CARRIERLOC] '6ABL6022_AI623' > > < U2.1 [IDREADSTATUS] '0' > > > > > .]] > < /SECSII > < /TAIL > < /MESSAGE > . transactionId=MCS2025122917460080704-AFw2. [GTXN:MCS2025122917460080704-AFw2] ],WELL,6ABL6022,'MCS2025122917460080704-AFw2,4PDML395,,ts04_m16a,EsListener.onMsg,[2025-12-29 17:46:00.807],Tibrv Dispatcher,
,STORAGE-ZIPTOWERCARRIERWAITOUT,[ 2025-12-29 17:46:04.404 ] [ WELL ] [ Tibrv Dispatcher ] [ kr.co.aim.nanotrans.communication.msb.tibrv.marker.EsListener.onMsg ] [ < MESSAGE > < HEADER > < MESSAGENAME > STORAGE-ZIPTOWERCARRIERWAITOUT < /MESSAGENAME > < TRANSACTIONID > MCS2025122917460440404-9dcj < /TRANSACTIONID > < CONVERSATIONID > 0e439748-9022-4cb4-915c-079c1bc74033 < /CONVERSATIONID > < TIME > 2025-12-29 17:46:04.401 < /TIME > < /HEADER > < ORIGINATED > < ORIGINATEDTYPE > M < /ORIGINATEDTYPE > < ORIGINATEDNAME / > < MACHINENAME > 6ABL6022 < /MACHINENAME > < CONNECTIONID > 6ABL6022 < /CONNECTIONID > < USERNAME / > < /ORIGINATED > < DATA > < LIST > < DATAID > 0 < /DATAID > < CEID > 159 < /CEID > < RPTIDCOUNT > < LIST > < RPTID > 6 < /RPTID > < VCOUNT > < CARRIERINFO > < CARRIERID > 4PDML395 < /CARRIERID > < CARRIERLOC > 6ABL6022_AI623 < /CARRIERLOC > < /CARRIERINFO > < PORTTYPE > LP < /PORTTYPE > < /VCOUNT > < /LIST > < /RPTIDCOUNT > < /LIST > < /DATA > < TAIL > < SECSII > < ![CDATA[RECV S6F11:EventRPTID6 W [D=1] [len=64] [SB=62839283] < L.3 < U4.1 [DATAID] '0' > < U2.1 [CEID] '159' > < L.1 [RPTIDCOUNT] < L.2 < U2.1 [RPTID] '6' > < L.2 [VCOUNT] < L.2 [CARRIERINFO] < A.8 [CARRIERID] '4PDML395' > < A.14 [CARRIERLOC] '6ABL6022_AI623' > > < A.2 [PORTTYPE] 'LP' > > > > > .]] > < /SECSII > < /TAIL > < /MESSAGE > . transactionId=MCS2025122917460440404-9dcj. [GTXN:MCS2025122917460440404-9dcj] ],WELL,6ABL6022,'MCS2025122917460440404-9dcj,4PDML395,,ts13_m16a,EsListener.onMsg,[2025-12-29 17:46:04.404],Tibrv Dispatcher,
N4PDML39520251229174042,STORAGE-ZIPTOWERTRANSFERCOMPLETED,[ 2025-12-29 17:46:04.406 ] [ WELL ] [ Tibrv Dispatcher ] [ kr.co.aim.nanotrans.communication.msb.tibrv.marker.EsListener.onMsg ] [ < MESSAGE > < HEADER > < MESSAGENAME > STORAGE-ZIPTOWERTRANSFERCOMPLETED < /MESSAGENAME > < TRANSACTIONID > MCS2025122917460440604-5lGU < /TRANSACTIONID > < CONVERSATIONID > 381eb0be-e2ec-409a-844e-4725b8e1e1ea < /CONVERSATIONID > < TIME > 2025-12-29 17:46:04.403 < /TIME > < /HEADER > < ORIGINATED > < ORIGINATEDTYPE > M < /ORIGINATEDTYPE > < ORIGINATEDNAME / > < MACHINENAME > 6ABL6022 < /MACHINENAME > < CONNECTIONID > 6ABL6022 < /CONNECTIONID > < USERNAME / > < /ORIGINATED > < DATA > < LIST > < DATAID > 0 < /DATAID > < CEID > 107 < /CEID > < RPTIDCOUNT > < LIST > < RPTID > 14 < /RPTID > < VCOUNT > < TRANSFERCOMMAND > < COMMANDINFO > < COMMANDID > N4PDML39520251229174042 < /COMMANDID > < PRIORITY > 50 < /PRIORITY > < /COMMANDINFO > < TRANSFERINFO > < CARRIERID > 4PDML395 < /CARRIERID > < CARRIERLOC > 6ABL6022_AI623 < /CARRIERLOC > < DEST > 6ABL6022_AOG6 < /DEST > < /TRANSFERINFO > < /TRANSFERCOMMAND > < RESULTCODE > 0 < /RESULTCODE > < /VCOUNT > < /LIST > < /RPTIDCOUNT > < /LIST > < /DATA > < TAIL > < SECSII > < ![CDATA[RECV S6F11:EventRPTID14 W [D=1] [len=112] [SB=62839284] < L.3 < U4.1 [DATAID] '0' > < U2.1 [CEID] '107' > < L.1 [RPTIDCOUNT] < L.2 < U2.1 [RPTID] '14' > < L.2 [VCOUNT] < L.2 [TRANSFERCOMMAND] < L.2 [COMMANDINFO] < A.23 [COMMANDID] 'N4PDML39520251229174042' > < U2.1 [PRIORITY] '50' > > < L.3 [TRANSFERINFO] < A.8 [CARRIERID] '4PDML395' > < A.14 [CARRIERLOC] '6ABL6022_AI623' > < A.13 [DEST] '6ABL6022_AOG6' > > > < U2.1 [RESULTCODE] '0' > > > > > .]] > < /SECSII > < /TAIL > < /MESSAGE > . transactionId=MCS2025122917460440604-5lGU. [GTXN:MCS2025122917460440604-5lGU] ],WELL,6ABL6022,'MCS2025122917460440604-5lGU,4PDML395,,ts11_m16a,EsListener.onMsg,[2025-12-29 17:46:04.406],Tibrv Dispatcher,
,UI-CARRIER,[ 2025-12-29 17:46:04.437 ] [ WELL ] [ THREAD-ID=520 ] [ kr.co.aim.nanotrans.server.extension.framework.communication.msb.tibrv.marker.UiSenderEx.send ] [ < ?xml version="1.0" encoding="UTF-8"? > < MESSAGE > < HEADER > < MESSAGENAME > UI-CARRIER < /MESSAGENAME > < TRANSACTIONID / > < CONVERSATIONID / > < TIME / > < /HEADER > < ORIGINATED > < ORIGINATEDTYPE > N < /ORIGINATEDTYPE > < ORIGINATEDNAME / > < MACHINENAME > 6ABL6022 < /MACHINENAME > < CONNECTIONID / > < USERNAME / > < /ORIGINATED > < DATA > < CARRIERNAME > 4PDML395 < /CARRIERNAME > < MACHINENAME > 6ABL6022 < /MACHINENAME > < UNITNAME > 6ABL6022_AI623 < /UNITNAME > < CARRIERKIND > CARRIER < /CARRIERKIND > < STATE > TRANSFERRING < /STATE > < TYPE > FOUP < /TYPE > < RESERVED > T < /RESERVED > < HOLDED > F < /HOLDED > < PRODUCTEMPTY / > < LOTID / > < CONTAINERNAME / > < SLOTNUMBER / > < MAXCAPA > -1 < /MAXCAPA > < CARRIERSHOPNAME > M16 < /CARRIERSHOPNAME > < /DATA > < TAIL / > < /MESSAGE > was sent to DocumentM16.REAL.NANOTRANS.MCSUIF.SENDER.ALL. transactionId=MCS2025122917460440404-9dcj. [GTXN:MCS2025122917460440404-9dcj] ],WELL,6ABL6022,'MCS2025122917460440404-9dcj,4PDML395,6ABL6022_AI623,ts13_m16a,UiSenderEx.send,[2025-12-29 17:46:04.437],THREAD-ID=520,
,,[ 2025-12-29 17:46:04.466 ] [ WELL ] [ THREAD-ID=520 ] [ kr.co.aim.nanotrans.server.extension.framework.communication.msb.cmessage.interfaceManager.HostInterface.send ] [ < ?xml version="1.0" encoding="UTF-8"? > < Envelop > < Header > < Factory > M16 < /Factory > < Environment > REAL < /Environment > < Sender_Node > MCS < /Sender_Node > < Send_Process > MCS < /Send_Process > < Listen_Process > MHS < /Listen_Process > < Command > MCSMHS_CARRIER_LOCATION_CHANGED_EVENT < /Command > < GTXN_ID > MCS2025122917460440404-9dcj < /GTXN_ID > < GTXN_SEQ > 0 < /GTXN_SEQ > < /Header > < Body > < DATA DESTINATION="MHS" ORIGINATION="MCS" TID="MCSMHS_CARRIER_LOCATION_CHANGED_EVENT" SEQUENCE_NAME="MCSMHS_CARRIER_LOCATION_CHANGED_EVENT" > < MCSMHS_CARRIER_LOCATION_CHANGED_EVENT > < CARRIER_LOCATION_INFO CARRIER_ID="4PDML395" CARRIER_STATE="TRANSFERRING" LOCATION_ID="6ABL6022" DETAIL_LOCATION_ID="AI623" SUB_LOCATION_ID="6ABL6022_AI623" EVENT_TIME="2025/12/29 17:46:04" / > < /MCSMHS_CARRIER_LOCATION_CHANGED_EVENT > < /DATA > < /Body > < /Envelop > was sent to M16.REAL.NANOTRANS.MESSO.MESSO.*. transactionId=MCS2025122917460440404-9dcj. [GTXN:MCS2025122917460440404-9dcj] ],WELL,,'MCS2025122917460440404-9dcj,4PDML395,,ts13_m16a,HostInterface.send,[2025-12-29 17:46:04.466],THREAD-ID=520,MCSMHS_CARRIER_LOCATION_CHANGED_EVENT
,VM-COMMON-CARRIERLOCATION,[ 2025-12-29 17:46:04.488 ] [ WELL ] [ THREAD-ID=520 ] [ kr.co.aim.nanotrans.communication.msb.tibrv.marker.TransSender.send ] [ < ?xml version="1.0" encoding="UTF-8"? > < MESSAGE > < HEADER > < MESSAGENAME > VM-COMMON-CARRIERLOCATION < /MESSAGENAME > < TRANSACTIONID / > < CONVERSATIONID / > < TIME > 2025-12-29 17:46:04.481 < /TIME > < /HEADER > < ORIGINATED > < ORIGINATEDTYPE > N < /ORIGINATEDTYPE > < ORIGINATEDNAME / > < MACHINENAME / > < CONNECTIONID / > < USERNAME > NANOTRANS < /USERNAME > < /ORIGINATED > < DATA > < CARRIERID > 4PDML395 < /CARRIERID > < STATE > TRANSFERRING < /STATE > < SOURCEFABNAME > M14 < /SOURCEFABNAME > < SOURCEFLOORNAME > 3F < /SOURCEFLOORNAME > < SOURCEMACHINENAME > 4ANZ53G1 < /SOURCEMACHINENAME > < SOURCEUNITNAME > 4ANZ53G1_Partition1 < /SOURCEUNITNAME > < DESTFABNAME > M16 < /DESTFABNAME > < DESTFLOORNAME > 6F < /DESTFLOORNAME > < DESTMACHINENAME > 6ANZ6122 < /DESTMACHINENAME > < DESTUNITNAME > 6ANZ6122_Partition1 < /DESTUNITNAME > < CURRENTFLOORNAME > 6F < /CURRENTFLOORNAME > < CURRENTFABNAME > M16 < /CURRENTFABNAME > < CURRENTMACHINENAME > 6ABL6022 < /CURRENTMACHINENAME > < CURRENTUNITNAME > 6ABL6022_AI623 < /CURRENTUNITNAME > < TRANSPORTJOBID > N4PDML39520251229173110 < /TRANSPORTJOBID > < PRIORITY > 50 < /PRIORITY > < USERNAME > SFAB < /USERNAME > < /DATA > < TAIL / > < /MESSAGE > was sent to M16.REAL.NANOTRANS.SELF.LISTENER. transactionId=MCS2025122917460440404-9dcj. [GTXN:MCS2025122917460440404-9dcj] ],WELL,,'MCS2025122917460440404-9dcj,4PDML395,,ts13_m16a,TransSender.send,[2025-12-29 17:46:04.488],THREAD-ID=520,
,VM-COMMON-CARRIERLOCATION,[ 2025-12-29 17:46:04.489 ] [ WELL ] [ Tibrv Dispatcher ] [ kr.co.aim.nanotrans.communication.msb.tibrv.marker.TransListener.onMsg ] [ < MESSAGE > < HEADER > < MESSAGENAME > VM-COMMON-CARRIERLOCATION < /MESSAGENAME > < TRANSACTIONID > MCS2025122917460448904-t8dn < /TRANSACTIONID > < CONVERSATIONID > c1b9dccd-dd3f-4422-8f8a-cb6f5a73c9cb < /CONVERSATIONID > < TIME > 2025-12-29 17:46:04.481 < /TIME > < /HEADER > < ORIGINATED > < ORIGINATEDTYPE > N < /ORIGINATEDTYPE > < ORIGINATEDNAME / > < MACHINENAME / > < CONNECTIONID / > < USERNAME > NANOTRANS < /USERNAME > < /ORIGINATED > < DATA > < CARRIERID > 4PDML395 < /CARRIERID > < STATE > TRANSFERRING < /STATE > < SOURCEFABNAME > M14 < /SOURCEFABNAME > < SOURCEFLOORNAME > 3F < /SOURCEFLOORNAME > < SOURCEMACHINENAME > 4ANZ53G1 < /SOURCEMACHINENAME > < SOURCEUNITNAME > 4ANZ53G1_Partition1 < /SOURCEUNITNAME > < DESTFABNAME > M16 < /DESTFABNAME > < DESTFLOORNAME > 6F < /DESTFLOORNAME > < DESTMACHINENAME > 6ANZ6122 < /DESTMACHINENAME > < DESTUNITNAME > 6ANZ6122_Partition1 < /DESTUNITNAME > < CURRENTFLOORNAME > 6F < /CURRENTFLOORNAME > < CURRENTFABNAME > M16 < /CURRENTFABNAME > < CURRENTMACHINENAME > 6ABL6022 < /CURRENTMACHINENAME > < CURRENTUNITNAME > 6ABL6022_AI623 < /CURRENTUNITNAME > < TRANSPORTJOBID > N4PDML39520251229173110 < /TRANSPORTJOBID > < PRIORITY > 50 < /PRIORITY > < USERNAME > SFAB < /USERNAME > < /DATA > < TAIL / > < /MESSAGE > . transactionId=MCS2025122917460448904-t8dn. [GTXN:MCS2025122917460448904-t8dn] ],WELL,,'MCS2025122917460448904-t8dn,4PDML395,,ts04_m16a,TransListener.onMsg,[2025-12-29 17:46:04.489],Tibrv Dispatcher,
,VM-FABTRANSPORTLOCATIONCHANGED,[ 2025-12-29 17:46:04.554 ] [ WELL ] [ THREAD-ID=119 ] [ kr.co.aim.nanotrans.communication.msb.tibrv.marker.MsSender.send ] [ < ?xml version="1.0" encoding="UTF-8"? > < MESSAGE > < HEADER > < MESSAGENAME > VM-FABTRANSPORTLOCATIONCHANGED < /MESSAGENAME > < TRANSACTIONID > MCS2025122917460448904-t8dn < /TRANSACTIONID > < CONVERSATIONID > c1b9dccd-dd3f-4422-8f8a-cb6f5a73c9cb < /CONVERSATIONID > < TIME > 2025-12-29 17:46:04.481 < /TIME > < /HEADER > < ORIGINATED > < ORIGINATEDTYPE > N < /ORIGINATEDTYPE > < ORIGINATEDNAME / > < MACHINENAME > M16-M14B < /MACHINENAME > < CONNECTIONID / > < USERNAME > SFAB < /USERNAME > < /ORIGINATED > < DATA > < CEID > 1 < /CEID > < CARRIERID > 4PDML395 < /CARRIERID > < STATE > TRANSFERRING < /STATE > < LOTID > TE25160 < /LOTID > < TYPE > FOUP < /TYPE > < PROCESSTYPE > FOUP < /PROCESSTYPE > < SOURCEFABNAME > M14 < /SOURCEFABNAME > < SOURCEFLOORNAME > 3F < /SOURCEFLOORNAME > < SOURCEMACHINENAME > 4ANZ53G1 < /SOURCEMACHINENAME > < SOURCEUNITNAME > 4ANZ53G1_Partition1 < /SOURCEUNITNAME > < DESTFABNAME > M16 < /DESTFABNAME > < DESTFLOORNAME > 6F < /DESTFLOORNAME > < DESTMACHINENAME > 6ANZ6122 < /DESTMACHINENAME > < DESTUNITNAME > 6ANZ6122_Partition1 < /DESTUNITNAME > < CURRENTFABNAME > M16 < /CURRENTFABNAME > < CURRENTFLOORNAME > 6F < /CURRENTFLOORNAME > < CURRENTMACHINENAME > 6ABL6022 < /CURRENTMACHINENAME > < CURRENTUNITNAME > 6ABL6022_AI623 < /CURRENTUNITNAME > < TRANSPORTJOBID > N4PDML39520251229173110 < /TRANSPORTJOBID > < PRIORITY > 50 < /PRIORITY > < USERNAME > SFAB < /USERNAME > < CMDTYPE / > < /DATA > < TAIL / > < /MESSAGE > was sent to M16.REAL.NANOTRANS.EM.MS01_VM_P. transactionId=MCS2025122917460448904-t8dn. [GTXN:MCS2025122917460448904-t8dn] ],WELL,M16-M14B,'MCS2025122917460448904-t8dn,4PDML395,,ts04_m16a,MsSender.send,[2025-12-29 17:46:04.554],THREAD-ID=119,
,VM-TRANSPORTJOBLOCATIONCHANGED,[2025-12-29 17:46:04.559] [ WELL] [ Tibrv Dispatcher] [kr.co.aim.nanotrans.communication.msb.tibrv.marker.EsListener.onMsg] - [ < MESSAGE > < HEADER > < MESSAGENAME > VM-TRANSPORTJOBLOCATIONCHANGED < /MESSAGENAME > < TRANSACTIONID > MCS2025122917460455904-haYa < /TRANSACTIONID > < CONVERSATIONID > 4b2de699-5563-4b55-9043-ed5ff3f30ee9 < /CONVERSATIONID > < TIME > 2025-12-29 17:46:04.557 < /TIME > < /HEADER > < ORIGINATED > < ORIGINATEDTYPE > M < /ORIGINATEDTYPE > < ORIGINATEDNAME / > < MACHINENAME > M16-M14B < /MACHINENAME > < CONNECTIONID > M16-M14B < /CONNECTIONID > < USERNAME / > < /ORIGINATED > < DATA > < LIST > < CEID > 1 < /CEID > < LIST > < CARRIERID > 4PDML395 < /CARRIERID > < STATE > TRANSFERRING < /STATE > < LOTID > TE25160 < /LOTID > < TYPE > FOUP < /TYPE > < PROCESSTYPE > FOUP < /PROCESSTYPE > < SOURCEFABNAME > M14 < /SOURCEFABNAME > < SOURCEFLOORNAME > 3F < /SOURCEFLOORNAME > < SOURCEMACHINENAME > 4ANZ53G1 < /SOURCEMACHINENAME > < SOURCEUNITNAME > 4ANZ53G1_Partition1 < /SOURCEUNITNAME > < DESTFABNAME > M16 < /DESTFABNAME > < DESTFLOORNAME > 6F < /DESTFLOORNAME > < DESTMACHINENAME > 6ANZ6122 < /DESTMACHINENAME > < DESTUNITNAME > 6ANZ6122_Partition1 < /DESTUNITNAME > < CURRENTFABNAME > M16 < /CURRENTFABNAME > < CURRENTFLOORNAME > 6F < /CURRENTFLOORNAME > < CURRENTMACHINENAME > 6ABL6022 < /CURRENTMACHINENAME > < CURRENTUNITNAME > 6ABL6022_AI623 < /CURRENTUNITNAME > < TRANSPORTJOBID > N4PDML39520251229173110 < /TRANSPORTJOBID > < PRIORITY > 50 < /PRIORITY > < USERNAME > SFAB < /USERNAME > < CMDTYPE / > < /LIST > < /LIST > < /DATA > < TAIL > < SECSII > < ![CDATA[RECV S11F69:FabTransportJobInfo [D=1] [len=215] [SB=54205109] < L.2 < U2.1 [CEID] '1' > < L.21 < A.8 [CARRIERID] '4PDML395' > < A.12 [STATE] 'TRANSFERRING' > < A.7 [LOTID] 'TE25160' > < A.4 [TYPE] 'FOUP' > < A.4 [PROCESSTYPE] 'FOUP' > < A.3 [SOURCEFABNAME] 'M14' > < A.2 [SOURCEFLOORNAME] '3F' > < A.8 [SOURCEMACHINENAME] '4ANZ53G1' > < A.19 [SOURCEUNITNAME] '4ANZ53G1_Partition1' > < A.3 [DESTFABNAME] 'M16' > < A.2 [DESTFLOORNAME] '6F' > < A.8 [DESTMACHINENAME] '6ANZ6122' > < A.19 [DESTUNITNAME] '6ANZ6122_Partition1' > < A.3 [CURRENTFABNAME] 'M16' > < A.2 [CURRENTFLOORNAME] '6F' > < A.8 [CURRENTMACHINENAME] '6ABL6022' > < A.14 [CURRENTUNITNAME] '6ABL6022_AI623' > < A.23 [TRANSPORTJOBID] 'N4PDML39520251229173110' > < A.2 [PRIORITY] '50' > < A.4 [USERNAME] 'SFAB' > < A.0 [CMDTYPE] '' > > > .]] > < /SECSII > < /TAIL > < /MESSAGE > . transactionId=MCS2025122917460455904-haYa. [GTXN:MCS2025122917460455904-haYa]. messageName=VM-TRANSPORTJOBLOCATIONCHANGED. communicationMessageName=VM-TRANSPORTJOBLOCATIONCHANGED. transportCommandId=. carrierName=4PDML395. machineName=M16-M14B. unitName=],WELL,M16-M14B,'MCS2025122917460455904-haYa,4PDML395,,ts15_m14b,EsListener.onMsg,[2025-12-29 17:46:04.559],Tibrv Dispatcher,
,VM-FABTRANSPORTLOCATIONCHANGED,[ 2025-12-29 17:46:04.562 ] [ WELL ] [ THREAD-ID=119 ] [ kr.co.aim.nanotrans.communication.msb.tibrv.marker.MsSender.send ] [ < ?xml version="1.0" encoding="UTF-8"? > < MESSAGE > < HEADER > < MESSAGENAME > VM-FABTRANSPORTLOCATIONCHANGED < /MESSAGENAME > < TRANSACTIONID > MCS2025122917460448904-t8dn < /TRANSACTIONID > < CONVERSATIONID > c1b9dccd-dd3f-4422-8f8a-cb6f5a73c9cb < /CONVERSATIONID > < TIME > 2025-12-29 17:46:04.481 < /TIME > < /HEADER > < ORIGINATED > < ORIGINATEDTYPE > N < /ORIGINATEDTYPE > < ORIGINATEDNAME / > < MACHINENAME > M16-M16B < /MACHINENAME > < CONNECTIONID / > < USERNAME > SFAB < /USERNAME > < /ORIGINATED > < DATA > < CEID > 1 < /CEID > < CARRIERID > 4PDML395 < /CARRIERID > < STATE > TRANSFERRING < /STATE > < LOTID > TE25160 < /LOTID > < TYPE > FOUP < /TYPE > < PROCESSTYPE > FOUP < /PROCESSTYPE > < SOURCEFABNAME > M14 < /SOURCEFABNAME > < SOURCEFLOORNAME > 3F < /SOURCEFLOORNAME > < SOURCEMACHINENAME > 4ANZ53G1 < /SOURCEMACHINENAME > < SOURCEUNITNAME > 4ANZ53G1_Partition1 < /SOURCEUNITNAME > < DESTFABNAME > M16 < /DESTFABNAME > < DESTFLOORNAME > 6F < /DESTFLOORNAME > < DESTMACHINENAME > 6ANZ6122 < /DESTMACHINENAME > < DESTUNITNAME > 6ANZ6122_Partition1 < /DESTUNITNAME > < CURRENTFABNAME > M16 < /CURRENTFABNAME > < CURRENTFLOORNAME > 6F < /CURRENTFLOORNAME > < CURRENTMACHINENAME > 6ABL6022 < /CURRENTMACHINENAME > < CURRENTUNITNAME > 6ABL6022_AI623 < /CURRENTUNITNAME > < TRANSPORTJOBID > N4PDML39520251229173110 < /TRANSPORTJOBID > < PRIORITY > 50 < /PRIORITY > < USERNAME > SFAB < /USERNAME > < CMDTYPE / > < /DATA > < TAIL / > < /MESSAGE > was sent to M16.REAL.NANOTRANS.EM.MS01_VM_P. transactionId=MCS2025122917460448904-t8dn. [GTXN:MCS2025122917460448904-t8dn] ],WELL,M16-M16B,'MCS2025122917460448904-t8dn,4PDML395,,ts04_m16a,MsSender.send,[2025-12-29 17:46:04.562],THREAD-ID=119,
,VM-TRANSPORTJOBLOCATIONCHANGED,[ 2025-12-29 17:46:04.566 ] [ WELL ] [ Tibrv Dispatcher ] [ kr.co.aim.nanotrans.communication.msb.tibrv.marker.EsListener.onMsg ] [ < MESSAGE > < HEADER > < MESSAGENAME > VM-TRANSPORTJOBLOCATIONCHANGED < /MESSAGENAME > < TRANSACTIONID > MCS2025122917460456604-RCx3 < /TRANSACTIONID > < CONVERSATIONID > f0ea88f4-febf-4931-88f1-b10ff6bb60af < /CONVERSATIONID > < TIME > 2025-12-29 17:46:04.565 < /TIME > < /HEADER > < ORIGINATED > < ORIGINATEDTYPE > M < /ORIGINATEDTYPE > < ORIGINATEDNAME / > < MACHINENAME > M16-M16B < /MACHINENAME > < CONNECTIONID > M16-M16B < /CONNECTIONID > < USERNAME / > < /ORIGINATED > < DATA > < LIST > < CEID > 1 < /CEID > < LIST > < CARRIERID > 4PDML395 < /CARRIERID > < STATE > TRANSFERRING < /STATE > < LOTID > TE25160 < /LOTID > < TYPE > FOUP < /TYPE > < PROCESSTYPE > FOUP < /PROCESSTYPE > < SOURCEFABNAME > M14 < /SOURCEFABNAME > < SOURCEFLOORNAME > 3F < /SOURCEFLOORNAME > < SOURCEMACHINENAME > 4ANZ53G1 < /SOURCEMACHINENAME > < SOURCEUNITNAME > 4ANZ53G1_Partition1 < /SOURCEUNITNAME > < DESTFABNAME > M16 < /DESTFABNAME > < DESTFLOORNAME > 6F < /DESTFLOORNAME > < DESTMACHINENAME > 6ANZ6122 < /DESTMACHINENAME > < DESTUNITNAME > 6ANZ6122_Partition1 < /DESTUNITNAME > < CURRENTFABNAME > M16 < /CURRENTFABNAME > < CURRENTFLOORNAME > 6F < /CURRENTFLOORNAME > < CURRENTMACHINENAME > 6ABL6022 < /CURRENTMACHINENAME > < CURRENTUNITNAME > 6ABL6022_AI623 < /CURRENTUNITNAME > < TRANSPORTJOBID > N4PDML39520251229173110 < /TRANSPORTJOBID > < PRIORITY > 50 < /PRIORITY > < USERNAME > SFAB < /USERNAME > < CMDTYPE / > < /LIST > < /LIST > < /DATA > < TAIL > < SECSII > < ![CDATA[RECV S11F69:FabTransportJobInfo [D=1] [len=215] [SB=53077827] < L.2 < U2.1 [CEID] '1' > < L.21 < A.8 [CARRIERID] '4PDML395' > < A.12 [STATE] 'TRANSFERRING' > < A.7 [LOTID] 'TE25160' > < A.4 [TYPE] 'FOUP' > < A.4 [PROCESSTYPE] 'FOUP' > < A.3 [SOURCEFABNAME] 'M14' > < A.2 [SOURCEFLOORNAME] '3F' > < A.8 [SOURCEMACHINENAME] '4ANZ53G1' > < A.19 [SOURCEUNITNAME] '4ANZ53G1_Partition1' > < A.3 [DESTFABNAME] 'M16' > < A.2 [DESTFLOORNAME] '6F' > < A.8 [DESTMACHINENAME] '6ANZ6122' > < A.19 [DESTUNITNAME] '6ANZ6122_Partition1' > < A.3 [CURRENTFABNAME] 'M16' > < A.2 [CURRENTFLOORNAME] '6F' > < A.8 [CURRENTMACHINENAME] '6ABL6022' > < A.14 [CURRENTUNITNAME] '6ABL6022_AI623' > < A.23 [TRANSPORTJOBID] 'N4PDML39520251229173110' > < A.2 [PRIORITY] '50' > < A.4 [USERNAME] 'SFAB' > < A.0 [CMDTYPE] '' > > > .]] > < /SECSII > < /TAIL > < /MESSAGE > . transactionId=MCS2025122917460456604-RCx3. [GTXN:MCS2025122917460456604-RCx3] ],WELL,M16-M16B,'MCS2025122917460456604-RCx3,4PDML395,,ts11_m16b,EsListener.onMsg,[2025-12-29 17:46:04.566],Tibrv Dispatcher,
,VM-FABTRANSPORTLOCATIONCHANGED,[ 2025-12-29 17:46:04.571 ] [ WELL ] [ THREAD-ID=119 ] [ kr.co.aim.nanotrans.communication.msb.tibrv.marker.MsSender.send ] [ < ?xml version="1.0" encoding="UTF-8"? > < MESSAGE > < HEADER > < MESSAGENAME > VM-FABTRANSPORTLOCATIONCHANGED < /MESSAGENAME > < TRANSACTIONID > MCS2025122917460448904-t8dn < /TRANSACTIONID > < CONVERSATIONID > c1b9dccd-dd3f-4422-8f8a-cb6f5a73c9cb < /CONVERSATIONID > < TIME > 2025-12-29 17:46:04.481 < /TIME > < /HEADER > < ORIGINATED > < ORIGINATEDTYPE > N < /ORIGINATEDTYPE > < ORIGINATEDNAME / > < MACHINENAME > M16-M14 < /MACHINENAME > < CONNECTIONID / > < USERNAME > SFAB < /USERNAME > < /ORIGINATED > < DATA > < CEID > 1 < /CEID > < CARRIERID > 4PDML395 < /CARRIERID > < STATE > TRANSFERRING < /STATE > < LOTID > TE25160 < /LOTID > < TYPE > FOUP < /TYPE > < PROCESSTYPE > FOUP < /PROCESSTYPE > < SOURCEFABNAME > M14 < /SOURCEFABNAME > < SOURCEFLOORNAME > 3F < /SOURCEFLOORNAME > < SOURCEMACHINENAME > 4ANZ53G1 < /SOURCEMACHINENAME > < SOURCEUNITNAME > 4ANZ53G1_Partition1 < /SOURCEUNITNAME > < DESTFABNAME > M16 < /DESTFABNAME > < DESTFLOORNAME > 6F < /DESTFLOORNAME > < DESTMACHINENAME > 6ANZ6122 < /DESTMACHINENAME > < DESTUNITNAME > 6ANZ6122_Partition1 < /DESTUNITNAME > < CURRENTFABNAME > M16 < /CURRENTFABNAME > < CURRENTFLOORNAME > 6F < /CURRENTFLOORNAME > < CURRENTMACHINENAME > 6ABL6022 < /CURRENTMACHINENAME > < CURRENTUNITNAME > 6ABL6022_AI623 < /CURRENTUNITNAME > < TRANSPORTJOBID > N4PDML39520251229173110 < /TRANSPORTJOBID > < PRIORITY > 50 < /PRIORITY > < USERNAME > SFAB < /USERNAME > < CMDTYPE / > < /DATA > < TAIL / > < /MESSAGE > was sent to M16.REAL.NANOTRANS.EM.MS01_VM_P. transactionId=MCS2025122917460448904-t8dn. [GTXN:MCS2025122917460448904-t8dn] ],WELL,M16-M14,'MCS2025122917460448904-t8dn,4PDML395,,ts04_m16a,MsSender.send,[2025-12-29 17:46:04.571],THREAD-ID=119,
,VM-TRANSPORTJOBLOCATIONCHANGED,[ 2025-12-29 17:46:04.575 ] [ WELL ] [ Tibrv Dispatcher ] [ kr.co.aim.nanotrans.communication.msb.tibrv.marker.EsListener.onMsg ] [ < MESSAGE > < HEADER > < MESSAGENAME > VM-TRANSPORTJOBLOCATIONCHANGED < /MESSAGENAME > < TRANSACTIONID > MCS2025122917460457504-2P48 < /TRANSACTIONID > < CONVERSATIONID > 4f8d8c7d-1580-40e8-95f8-f5d7155c3536 < /CONVERSATIONID > < TIME > 2025-12-29 17:46:04.573 < /TIME > < /HEADER > < ORIGINATED > < ORIGINATEDTYPE > M < /ORIGINATEDTYPE > < ORIGINATEDNAME / > < MACHINENAME > M16-M14 < /MACHINENAME > < CONNECTIONID > M16-M14 < /CONNECTIONID > < USERNAME / > < /ORIGINATED > < DATA > < LIST > < CEID > 1 < /CEID > < LIST > < CARRIERID > 4PDML395 < /CARRIERID > < STATE > TRANSFERRING < /STATE > < LOTID > TE25160 < /LOTID > < TYPE > FOUP < /TYPE > < PROCESSTYPE > FOUP < /PROCESSTYPE > < SOURCEFABNAME > M14 < /SOURCEFABNAME > < SOURCEFLOORNAME > 3F < /SOURCEFLOORNAME > < SOURCEMACHINENAME > 4ANZ53G1 < /SOURCEMACHINENAME > < SOURCEUNITNAME > 4ANZ53G1_Partition1 < /SOURCEUNITNAME > < DESTFABNAME > M16 < /DESTFABNAME > < DESTFLOORNAME > 6F < /DESTFLOORNAME > < DESTMACHINENAME > 6ANZ6122 < /DESTMACHINENAME > < DESTUNITNAME > 6ANZ6122_Partition1 < /DESTUNITNAME > < CURRENTFABNAME > M16 < /CURRENTFABNAME > < CURRENTFLOORNAME > 6F < /CURRENTFLOORNAME > < CURRENTMACHINENAME > 6ABL6022 < /CURRENTMACHINENAME > < CURRENTUNITNAME > 6ABL6022_AI623 < /CURRENTUNITNAME > < TRANSPORTJOBID > N4PDML39520251229173110 < /TRANSPORTJOBID > < PRIORITY > 50 < /PRIORITY > < USERNAME > SFAB < /USERNAME > < CMDTYPE / > < /LIST > < /LIST > < /DATA > < TAIL > < SECSII > < ![CDATA[RECV S11F69:FabTransportJobInfo [D=1] [len=215] [SB=55190201] < L.2 < U2.1 [CEID] '1' > < L.21 < A.8 [CARRIERID] '4PDML395' > < A.12 [STATE] 'TRANSFERRING' > < A.7 [LOTID] 'TE25160' > < A.4 [TYPE] 'FOUP' > < A.4 [PROCESSTYPE] 'FOUP' > < A.3 [SOURCEFABNAME] 'M14' > < A.2 [SOURCEFLOORNAME] '3F' > < A.8 [SOURCEMACHINENAME] '4ANZ53G1' > < A.19 [SOURCEUNITNAME] '4ANZ53G1_Partition1' > < A.3 [DESTFABNAME] 'M16' > < A.2 [DESTFLOORNAME] '6F' > < A.8 [DESTMACHINENAME] '6ANZ6122' > < A.19 [DESTUNITNAME] '6ANZ6122_Partition1' > < A.3 [CURRENTFABNAME] 'M16' > < A.2 [CURRENTFLOORNAME] '6F' > < A.8 [CURRENTMACHINENAME] '6ABL6022' > < A.14 [CURRENTUNITNAME] '6ABL6022_AI623' > < A.23 [TRANSPORTJOBID] 'N4PDML39520251229173110' > < A.2 [PRIORITY] '50' > < A.4 [USERNAME] 'SFAB' > < A.0 [CMDTYPE] '' > > > .]] > < /SECSII > < /TAIL > < /MESSAGE > . transactionId=MCS2025122917460457504-2P48. [GTXN:MCS2025122917460457504-2P48] ],WELL,M16-M14,'MCS2025122917460457504-2P48,4PDML395,,ts01_m14a,EsListener.onMsg,[2025-12-29 17:46:04.575],Tibrv Dispatcher,
N4PDML39520251229174042,RAIL-CARRIERTRANSFER,[ 2025-12-29 17:46:04.619 ] [ WELL ] [ THREAD-ID=520 ] [ kr.co.aim.nanotrans.communication.msb.tibrv.marker.EsSender.send ] [ < ?xml version="1.0" encoding="UTF-8"? > < MESSAGE > < HEADER > < MESSAGENAME > RAIL-CARRIERTRANSFER < /MESSAGENAME > < TRANSACTIONID / > < CONVERSATIONID / > < TIME > 2025-12-29 17:46:04.616 < /TIME > < /HEADER > < ORIGINATED > < ORIGINATEDTYPE > N < /ORIGINATEDTYPE > < ORIGINATEDNAME / > < MACHINENAME > 6ACM3901 < /MACHINENAME > < CONNECTIONID / > < USERNAME > NANOTRANS < /USERNAME > < /ORIGINATED > < DATA > < COMMANDID > N4PDML39520251229174042 < /COMMANDID > < CARRIERID > 4PDML395 < /CARRIERID > < CARRIERLOC / > < CARRIERZONENAME / > < SOURCEUNIT > 6ABL6022_AI623 < /SOURCEUNIT > < SOURCECONTAINER / > < SOURCESLOT / > < DESTUNIT > 6ANZ6122-214 < /DESTUNIT > < DESTCONTAINER / > < DESTSLOT / > < RESULTCODE / > < PRIORITY > 80 < /PRIORITY > < LOTID > TE25160 < /LOTID > < CARRIERTYPE > FOUP < /CARRIERTYPE > < STEPID > J3050000C < /STEPID > < OPER_DESC / > < WF_QTY / > < NEXTTOUNIT / > < /DATA > < TAIL / > < /MESSAGE > was sent to M16.REAL.NANOTRANS.MCSEIF.EI01_M16A_OHT_P. transactionId=MCS2025122917460440404-9dcj. [GTXN:MCS2025122917460440404-9dcj] ],WELL,6ACM3901,'MCS2025122917460440404-9dcj,4PDML395,,ts13_m16a,EsSender.send,[2025-12-29 17:46:04.619],THREAD-ID=520,
N4PDML39520251229174042,RAIL-CARRIERTRANSFER,[ 2025-12-29 17:46:04.622 ] [ WELL ] [ THREAD-ID=520 ] [ kr.co.aim.nanotrans.communication.msb.tibrv.marker.EsSender.send ] [ < ?xml version="1.0" encoding="UTF-8"? > < MESSAGE > < HEADER > < MESSAGENAME > RAIL-CARRIERTRANSFER < /MESSAGENAME > < TRANSACTIONID / > < CONVERSATIONID / > < TIME > 2025-12-29 17:46:04.616 < /TIME > < /HEADER > < ORIGINATED > < ORIGINATEDTYPE > N < /ORIGINATEDTYPE > < ORIGINATEDNAME / > < MACHINENAME > 6ACM3901 < /MACHINENAME > < CONNECTIONID / > < USERNAME > NANOTRANS < /USERNAME > < /ORIGINATED > < DATA > < COMMANDID > N4PDML39520251229174042 < /COMMANDID > < CARRIERID > 4PDML395 < /CARRIERID > < CARRIERLOC / > < CARRIERZONENAME / > < SOURCEUNIT > 6ABL6022_AI623 < /SOURCEUNIT > < SOURCECONTAINER / > < SOURCESLOT / > < DESTUNIT > 6ANZ6122-214 < /DESTUNIT > < DESTCONTAINER / > < DESTSLOT / > < RESULTCODE / > < PRIORITY > 80 < /PRIORITY > < LOTID > TE25160 < /LOTID > < CARRIERTYPE > FOUP < /CARRIERTYPE > < STEPID > J3050000C < /STEPID > < OPER_DESC / > < WF_QTY / > < NEXTTOUNIT / > < /DATA > < TAIL / > < /MESSAGE > was sent to M16.REAL.NANOTRANS.MCSEIF.EI01_M16A_OHT_S. transactionId=MCS2025122917460440404-9dcj. [GTXN:MCS2025122917460440404-9dcj] ],WELL,6ACM3901,'MCS2025122917460440404-9dcj,4PDML395,,ts13_m16a,EsSender.send,[2025-12-29 17:46:04.622],THREAD-ID=520,
N4PDML39520251229174042,RAIL-CARRIERTRANSFERREPLY,[ 2025-12-29 17:46:04.688 ] [ WELL ] [ Tibrv Dispatcher ] [ kr.co.aim.nanotrans.communication.msb.tibrv.marker.EsListener.onMsg ] [ < MESSAGE > < HEADER > < MESSAGENAME > RAIL-CARRIERTRANSFERREPLY < /MESSAGENAME > < TRANSACTIONID > MCS2025122917460468704-brbv < /TRANSACTIONID > < CONVERSATIONID > d8bce73a-86aa-4a61-9d4f-1eb843e03ddb < /CONVERSATIONID > < TIME > 2025-12-29 17:46:04.684 < /TIME > < /HEADER > < ORIGINATED > < ORIGINATEDTYPE > M < /ORIGINATEDTYPE > < ORIGINATEDNAME / > < MACHINENAME > 6ACM3901 < /MACHINENAME > < CONNECTIONID > 6ACM3901 < /CONNECTIONID > < USERNAME / > < /ORIGINATED > < DATA > < DESTUNIT > 6ANZ6122-214 < /DESTUNIT > < CARRIERID > 4PDML395 < /CARRIERID > < COMMANDID > N4PDML39520251229174042 < /COMMANDID > < STEPID > J3050000C < /STEPID > < SOURCEUNIT > 6ABL6022_AI623 < /SOURCEUNIT > < LOTID > TE25160 < /LOTID > < CARRIERTYPE > FOUP < /CARRIERTYPE > < LIST > < HCACK > 4 < /HCACK > < CPCOUNT / > < /LIST > < RESULTCODE > 4 < /RESULTCODE > < /DATA > < TAIL > < SECSII > < ![CDATA[RECV S2F50:EnhancedHostCommandAcknowledgeNew1 [D=6] [len=17] [SB=108832196] < L.2 < B.1 [HCACK] '4' > < L.0 [CPCOUNT] > > .]] > < /SECSII > < /TAIL > < /MESSAGE > . transactionId=MCS2025122917460468704-brbv. [GTXN:MCS2025122917460468704-brbv] ],WELL,6ACM3901,'MCS2025122917460468704-brbv,4PDML395,,ts13_m16a,EsListener.onMsg,[2025-12-29 17:46:04.688],Tibrv Dispatcher,
